{
  "verdict": "VERIFIED",
  "source_run_id": "6f7de36c-6f06-46e7-807c-9d4ad13b8a4d",
  "source_git_sha": "3268a52e8940d2fd488b20418cabd06a56ce337e",
  "theorem_certificate_passed": true,
  "empirical_alf_and_bayes_lof_checks_passed": true,
  "xi": 0.7206014018371381,
  "lambda": 0.36030070091856903,
  "alpha": 3.178161217675534,
  "kappa": 8.820857715716253,
  "bounded_models_searched": 416,
  "assumption_satisfying_models": 312,
  "counterexample_found": false
}
