{
  "paper": "arXiv 2605.31261",
  "n": 8,
  "m": 12,
  "T": 40,
  "C1": {
    "exact_match": true,
    "max_abs_diff": 0.0
  },
  "control": {
    "stochastic_mismatch": true,
    "max_abs_diff": 14.814854322993483
  },
  "C2": {
    "eps_grid": [
      0.5,
      0.2,
      0.1,
      0.03,
      0.01,
      0.003,
      0.001
    ],
    "tv_decoding_error": [
      0.5029061757425144,
      0.41816196585855947,
      0.296075967622351,
      0.14186302058921435,
      0.07362152381450127,
      0.025819338117619016,
      0.009047855463383053
    ],
    "vanishes": true,
    "final_tv": 0.009047855463383053
  }
}